,experiment_id,reagent_lot,plate_id,date,MIF,MMP-1,Tie-2,TNF alpha,TNF beta,TNF RII,VEGF-A (165),VEGF-A (165),EMMPRIN,Oncostatin M (OSM),PTX3 (Pentraxin 3),Activin A,CCL18,CCL19,CCL20,TIMP1,Resistin,BMP9,CCL22,CD14,TGF-beta 1 (LAP domain in precursor),CXCL1,CXCL3,CXCL4,CXCL5,CXCL7,CXCL11,CXCL16,G-CSF,IFN beta,IFN gamma,60.3 - IFN gamma - nEL xDR - 1166,IL-1 alpha,IL-1 alpha,IL-18,IL-1 RA/RN,CCL4,IL-6,IL-6,IL-10,IL-10,IL-12 p40,IL-16,IL-1 beta,TNFRSF21 (DR6),Peptidoglycan recognition protein 1 (PGLYRP1/PGRP-S),Decorin,Thrombospondin-1,Neutrophil Elastase/ELA2,Galectin-1,Metalloproteinase inhibitor 2,Galectin-3,"Neutrophil gelatinase-associated lipocalin (NGAL, lipocalin-2)",soluble uPA-R,Angiopoietin-1,Transforming growth factor-beta-induced protein ig-h3
0,nEL2.5.201,Lot 1,1959,07-Feb-24,652.8776569,445.7955123,592.7083796,2740.843509,,221.0024205,8.402731683,4.185983973,336.9967519,23.08919967,,,18.21093588,46.95026089,126.2714866,1433.136842,,8.59010688,12.7253231,1317.809579,,368.9147171,45.13086204,6156.599823,71.66908543,470.8692854,64.12913225,257.9631367,172.6987151,37.16021263,53.7714829,,201.7410756,225.4968701,,1496.004306,2756.83542,1682.239289,3222.758312,360.0251654,157.0191491,10.45576979,105.3055727,2776.567906,6.75191755,7.298081601,118.0152857,112482.0721,656.717766,29721.72369,107.8167838,2863.702037,72.11696054,854.1064019,257.9299042,627.3697452
1,nEL2.5.206,Lot 1,1997,13-Feb-24,644.9229066,517.4859122,673.4514735,2712.960238,19.63517184,230.1226249,10.31498677,4.753177153,388.5933096,27.25841293,,,15.15280359,33.76971011,112.5236338,1549.064892,163.559462,10.79746972,8.920154121,1250.082317,,351.4588387,45.50955012,4898.232476,58.84869526,700.2537836,49.96652383,234.0358634,183.3251847,33.61402133,,,226.0982244,225.7628608,,1694.81446,3007.171527,1840.310526,3675.151463,364.4090487,170.1715232,12.07098801,94.42078081,3617.338959,6.06429044,7.318862842,103.7040914,,797.3175013,29340.84175,104.4071793,2877.468944,80.82118754,857.4537386,292.42164,608.0278315
2,nEL2.5.207,Lot 1,2001,14-Feb-24,697.1534217,475.9202656,549.7518324,2755.705592,,213.8730611,7.29638584,4.132448089,355.6907472,21.77293462,,,18.65095587,47.81365683,134.2428051,1392.090394,,6.914741129,8.064523114,1236.190084,53.10280448,387.9823758,43.05792564,6309.769757,71.71935478,504.1451553,65.54840357,246.0819886,179.0006377,35.78746179,45.43521639,,209.1852792,228.3992116,,1586.0489,,1720.804872,4174.195551,364.2820122,172.6923128,10.67890044,94.68300631,4467.794154,6.062905776,7.134911268,120.260879,,654.718539,31025.05562,100.4344457,2977.361734,73.30084586,859.5633935,276.5472293,650.9542224
3,nEL2.5.212,Lot 1,2064,21-Feb-24,662.6572334,505.2374571,492.3570426,2371.92523,15.6024967,217.4156555,,4.181096186,344.9759594,28.20810126,,,14.44068388,34.67674638,120.1514956,1514.746916,,9.184731815,8.586846483,1333.141224,,331.4754748,46.98096981,3783.336921,57.4957178,432.7653122,56.47697861,215.4443118,153.3106174,26.50156946,41.04046353,,213.2403547,218.2883161,36.17469703,1559.986727,2604.104533,1744.398005,3378.092118,360.4023388,176.0179716,9.857049957,98.50287396,2544.837079,5.311486552,7.202042154,98.42414231,,749.6650691,26021.17396,99.73775987,2396.499334,77.98953278,830.8492448,256.7476137,591.276185
4,nEL2.5.217,Lot 1,2115,27-Feb-24,691.3147792,489.0603504,434.735721,2477.46445,,198.7544239,8.888250353,4.38311149,391.0084056,23.04241096,559.7083496,195.1601212,14.47798453,34.61527793,106.7100911,1434.452432,,10.58533094,5.585465197,1204.229641,,329.3761739,40.93412387,4326.856242,53.92231591,463.329494,50.09919469,217.949227,166.1063557,26.82510928,42.15296236,,207.7669674,218.4693716,28.39979221,1565.859835,2350.875196,1846.18976,3223.913505,374.6800734,155.9263053,10.12679839,94.22416226,2669.832267,5.759686611,7.236436546,91.08076854,,814.6991394,26084.78885,92.9456828,2681.519223,73.99020235,801.7661095,256.920377,569.3535669
5,nEL2.5.218,Lot 1,2120,29-Feb-24,704.6444028,509.0263581,461.9153567,2317.74921,11.72228304,200.5819507,7.543689596,4.14256851,376.8878072,24.39418732,,,14.75258207,34.19854004,112.074122,1448.076826,,9.637580868,4.903910589,1204.630308,50.56629535,347.6093711,39.0472874,4656.744094,55.25381457,590.5230687,49.34116359,232.7099364,161.1291411,26.62388561,36.24798609,,213.1862741,217.9403166,27.25540324,1559.581862,2321.567587,1630.49009,4152.642708,376.5183527,158.4230982,9.604057587,95.78730404,2885.888585,5.355431229,6.851984757,92.4685463,,831.639456,25760.95421,94.58506907,2710.883609,72.36935869,829.4543524,274.6501451,612.3823041
6,nEL2.5.224,Lot 1,2226,12-Mar-24,655.5568688,486.8017518,561.3669468,2204.011745,11.31579774,215.7734825,8.417655294,4.226482464,375.6565268,25.1829375,502.1123608,196.2622059,14.70395335,34.04496812,100.923033,1477.033666,,8.359280864,4.237793456,1300.894315,,330.4510264,41.48219769,3852.108212,53.71798793,507.2478166,53.17376976,218.769566,173.9237421,26.23521052,39.30794233,,206.4732756,213.630537,36.21101572,1541.188706,,1534.298215,3262.75478,364.9808454,162.3775904,10.49148183,85.60228968,2654.274995,5.426011446,7.022797663,94.7826708,,789.0821126,24844.35,102.9850786,2389.586359,81.11790384,722.2099693,262.9055283,592.2884956
7,nEL2.5.225,Lot 1,2238,13-Mar-24,655.3849567,497.9245328,,2289.025553,,221.9970988,10.34139557,4.543915361,391.7072651,30.90694326,,,15.31493359,35.05098374,96.87053886,1502.80747,,8.14483731,5.548240887,1367.009818,,310.2925455,48.24959674,4543.110213,55.46746988,361.2631413,53.67038584,237.4056449,177.4889332,34.6931566,51.37679597,,207.4876001,218.8562207,35.71906671,1597.581979,,1795.165147,3047.705495,358.4226282,177.1597292,10.18172559,99.5749832,2176.431145,5.553402894,8.039066653,103.866947,,809.3523829,29606.81698,92.4287055,2430.857466,86.99912127,772.789471,272.3529745,616.8525721
8,nEL2.5.228,Lot 1,2286,18-Mar-24,636.2443544,487.0563955,527.608656,2443.974012,,212.1053492,8.493492638,4.137863525,352.521941,26.5949752,,,15.56865258,31.85281248,91.87929489,1455.583652,150.2178073,8.278024461,7.533049483,1296.067981,,334.5599245,33.36622739,3407.468946,58.69081601,335.4437215,49.76961916,220.1150962,168.5867002,31.95545462,,,209.5225349,218.3742027,,1460.601907,2524.961099,1489.085858,3545.873789,377.1062774,170.3954616,11.04873408,84.65178991,2239.238046,7.056495115,7.487448971,100.9811314,,783.1560603,26429.72423,99.20101421,2490.140475,82.13044792,700.5473213,250.088702,572.5943974
9,nEL2.5.229,Lot 1,2293,19-Mar-24,653.9906511,476.4305827,632.2042805,2231.513407,9.349071745,211.3793033,8.799874293,3.912677146,318.2873348,22.31077988,,,15.12098229,33.74558694,112.4418449,1447.567838,,7.952217769,7.949383868,1269.42732,,326.0726518,42.98962451,3774.67328,60.07732228,606.4155541,48.72781291,213.9261934,163.0459219,34.75647206,,,211.7058924,216.0771195,,1514.484474,2418.561997,1834.82681,3322.01822,361.9942474,166.7992525,10.6654364,94.71485703,2914.335912,5.761821276,7.018444153,98.94205813,,794.8846346,27051.61082,92.60212535,2700.176363,81.98470315,744.150409,253.9019541,588.2864722
10,nEL2.5.231,Lot 1,2322,25-Mar-24,746.6046193,513.0055912,711.4209267,2448.924014,,186.4719744,10.19974384,4.700288764,404.6502389,24.55026751,,,15.17164078,39.55789256,101.8758241,1593.974512,,,3.653390055,1444.663087,,355.0738633,45.12298601,5713.945053,57.07659413,550.121783,60.75615885,269.4340979,173.1633061,31.88194038,57.76436975,,204.4606245,201.24754,35.33614831,1654.469871,2676.00134,2217.751015,3087.323628,344.5775696,158.3121142,8.666626897,105.1128888,2612.103211,6.949777554,7.705942634,96.74179223,,707.5630463,26129.64093,89.64197808,2590.196275,73.5956321,739.8347467,279.726237,623.9788759
11,nEL2.5.234,Lot 2,2365,01-Apr-24,650.3046057,476.6738064,594.583865,2676.732153,23.48712385,217.4756577,10.35303908,4.592221403,357.1643459,22.96451648,,,17.27210042,38.71367867,130.389395,1300.123404,163.2763641,8.920946976,6.650968855,1420.951945,,353.4328996,51.44051489,4102.203034,63.92273104,350.5643337,58.86763657,233.8554212,190.7844114,,,,212.1130641,219.0863316,,1632.505474,2441.544827,1814.98852,2593.583608,366.4872473,173.7301175,10.25980416,107.3213008,2975.26023,6.175246631,7.478742301,125.124996,,681.8029375,26374.62246,102.8310791,2672.98627,73.85471242,805.6461302,262.2718516,636.3187223
12,nEL2.5.239,Lot 3,2398,11-Apr-24,668.7437019,524.3986103,658.8163518,2630.620815,11.13834733,230.4648311,8.649833202,4.811391831,412.0090441,27.7518015,478.9203761,184.3903247,16.18526907,38.99566598,139.1563666,1012.684143,,10.58441918,11.96653858,1108.457905,37.41796803,332.6876991,36.63875482,4647.070651,63.92308099,802.225503,62.110128,202.0929297,150.4717062,29.56250816,57.82537279,86.23684367,214.5438182,223.4581169,36.09839727,1497.236783,2816.181083,1775.986761,2308.266535,348.820906,195.2100579,9.87077641,99.11310455,2550.454737,5.094084823,6.200661385,103.2076055,104716.552,657.5787404,27092.30493,106.8669753,2520.700682,74.44399151,775.3183025,255.4664432,598.7994388
13,nEL2.5.242,Lot 3,2459,22-Apr-24,888.4258784,558.710482,744.4154849,2884.263682,23.52250782,252.4704992,9.920636407,4.919085488,421.539437,26.35806402,,244.0952895,18.31074669,70.30815255,164.0359478,1316.471298,,8.746086823,13.5198436,1356.714223,,436.6510247,48.31236338,5481.125146,74.93201514,881.2532585,75.99118754,252.3799222,154.9077377,35.65166505,,106.9111289,225.6509596,232.2511641,,1775.94357,3539.085661,1962.39697,2582.921622,368.2005358,201.0016418,12.16965378,117.3693726,,6.451440988,6.57079398,92.29020208,57859.87455,872.104414,31220.60152,123.0219883,2971.882517,76.80352023,780.9943765,293.3659863,676.4867814
14,nEL2.5.243,Lot 2,2480,23-Apr-24,721.2484184,474.1084133,535.6842442,2781.271809,,179.8533555,7.647793575,3.957673845,345.6299981,23.05857921,,,18.12776735,62.99733283,163.5095174,1287.808565,,,6.881331616,1333.454826,,368.5030648,37.18263496,4238.678786,65.65974522,449.6977186,79.40230653,249.3846181,170.4760966,27.90510653,49.6947394,,204.0873674,215.2154861,31.95592098,1654.671081,2577.686743,1839.390424,3023.601352,353.6456525,149.4075001,10.52932267,95.12527974,2680.600546,5.468567296,7.143408645,100.3625684,,729.342928,28856.22671,98.27272425,2579.020653,72.18276771,773.1081061,252.2359607,598.4211538
15,nEL2.5.244,Lot 2,2483,24-Apr-24,693.7974766,508.6448553,,2339.105983,19.57235261,233.5810488,12.47756065,5.04307264,310.6961702,26.85017089,,,19.26770492,72.67186558,216.5451077,1404.913692,,17.20491979,10.54249223,1359.022165,,423.9574232,41.01254017,4314.207932,77.91063977,641.7221102,94.77904306,329.6387693,200.8179173,,,,209.1564077,226.8422885,,1622.783519,2136.189131,2199.776173,3586.71969,357.0751516,183.4028764,13.09620943,113.7255997,2377.135959,7.269211856,8.179821312,106.6974437,,904.6292256,27963.94305,111.6410492,3084.233958,69.82511449,718.1944254,289.8184313,697.5410886
16,nEL2.5.245,Lot 3,2510,25-Apr-24,677.640713,521.6551105,476.0140342,2675.607412,13.07372053,238.4914576,7.803352135,4.675272385,349.1303756,26.02425985,393.2103801,,16.25477934,39.59601547,132.6019038,972.6937938,169.461681,7.77359936,18.66260325,1135.613403,,329.4426536,42.49139171,4161.034113,62.5808744,556.8666055,60.54529596,214.9860289,154.050646,34.41146058,50.15234174,89.37862701,205.7617518,222.9621436,,1501.594737,2593.457486,1694.862481,2028.470807,329.9290293,201.2262234,10.69694415,101.8979159,2918.523512,5.275616699,6.011664935,107.8542184,89522.81943,662.110066,26280.13774,99.00882454,2444.079634,75.96863325,621.4045282,262.3742108,584.1938834
17,nEL2.5.247,Lot 2,2524,29-Apr-24,609.2924953,468.8811837,574.9485803,2783.60939,24.60301314,198.6785613,,4.529830007,371.7346085,26.26413213,,,16.59505266,36.44550694,127.9442572,1333.395757,,,9.894691572,1442.501187,,332.6988004,55.93811528,3877.027399,60.95392067,397.4490335,61.44492201,223.714588,177.0219066,,,,208.8770445,210.7552659,,1450.785053,2759.330064,1655.005767,2931.218035,372.9423621,166.636677,10.95539916,97.09242389,2122.781096,,7.783315783,122.5486585,102937.8843,568.0573459,24675.18839,103.9537894,2355.418636,96.25018414,597.1563823,277.4718737,578.3503253
18,nEL2.5.249,Lot 2,2544,01-May-24,749.6418586,486.7360098,,2610.459808,32.395456,211.1553299,10.19142369,4.424183924,357.0914147,27.80028612,,,18.72471557,71.51748821,195.8984491,1497.254503,,11.80394592,9.452101919,1432.404139,,448.1477066,49.32545444,5144.487111,69.0824796,372.7187841,92.04328885,300.2313537,189.6247269,40.20226684,,,222.5896053,226.5022379,56.58120083,1596.384819,1782.316356,1615.674927,3091.133151,373.4413441,181.600537,11.81967839,100.7616352,3249.839142,7.750860064,8.228740233,96.31949982,,811.9936722,27469.56101,111.3277705,2731.830276,72.00241808,792.5074998,286.4546564,739.3076739
19,nEL2.5.250,Lot 3,2550,02-May-24,790.1090461,492.9755046,589.6867239,2713.970508,10.72063824,243.9493304,12.74656944,5.216520215,401.9429621,30.23222635,,,18.81758557,73.12456753,198.5103149,1159.522346,,9.440446316,17.32365037,1277.118722,,440.0824523,42.51808068,6324.723783,69.41319768,750.0176597,94.85031327,248.2963364,168.4888428,44.74582754,76.08700618,110.5200959,225.4354959,227.876691,,1668.653883,2428.571713,2126.750253,2235.280585,345.6771269,200.5997775,11.62633715,112.6105779,,6.773870908,7.676163522,99.18305824,29153.73211,815.1657068,30354.09329,116.5948362,2431.647572,71.39946355,814.6248863,266.6657539,740.9325562
20,nEL2.5.253,Lot 2,2578,10-May-24,689.8923872,459.383132,536.1499661,2394.722621,10.41458329,207.4759534,10.01726971,3.899934712,366.5166592,24.595274,,,17.89812563,62.17137973,198.551975,1379.361892,,,9.066171411,1271.661519,,423.7742247,43.72490001,4997.638901,68.22682854,446.3437116,70.91385406,251.1780448,180.3871168,32.72713495,58.22211955,,207.3646675,212.7656051,,1523.55783,2230.15355,2328.215018,2514.154163,349.9106197,163.8122681,11.01410175,107.4157251,2473.93718,5.668131652,6.889687305,115.1756135,105060.1969,854.9938386,28357.70783,99.62434484,2827.508835,89.26644701,807.3652147,269.8472573,632.1171681
21,nEL2.5.254,Lot 2,2588,14-May-24,694.8661235,522.0121071,,2196.40835,,213.1906136,11.72625196,4.531755472,336.1910819,23.0354178,,232.8479837,15.05206215,39.85947984,108.1141245,1330.362221,164.3704039,11.46468946,11.34980834,1265.158881,,368.9675165,37.52531634,4207.699721,59.43757048,530.8052846,53.0776008,234.2965298,195.8632488,40.46895219,,,227.1090648,236.2248568,,1417.478667,2001.981671,1487.532121,2744.958547,415.8333213,166.0820592,10.37259967,103.5995483,2775.994293,7.183887389,7.145066395,103.4802129,,765.3445089,28068.50072,97.17648617,3035.551128,70.623213,652.6830758,283.5092475,590.8568021
22,nEL2.5.255,Lot 4,2617,16-May-24,846.8939516,486.4685917,,2650.07311,20.56473266,210.0071117,,3.995501952,374.8131987,25.64754328,,209.8047418,18.04176586,69.9366877,158.1002656,1186.830011,,6.870708591,9.864162585,1221.612162,,365.7751316,50.34101137,5405.842573,64.51959951,341.1829833,76.92016901,229.0390812,167.287116,33.29981419,57.30650739,82.91451224,207.0472102,207.9936692,,1611.513648,2790.368813,1777.646392,2252.51383,332.416042,174.6601531,9.987322646,100.7649476,2636.10917,5.806412803,5.929909942,94.76609816,,773.9851918,26897.22754,95.41974488,2472.423132,74.93948798,761.0888792,230.8529875,645.7564694
23,nEL2.5.256,Lot 3,2623,16-May-24,787.9918752,552.6412082,,2929.9512,15.45079425,243.2846415,,4.861815777,352.4666761,31.03272569,,,19.33973991,75.14654114,187.6839921,1018.03313,,10.4631916,17.46979373,1207.033184,59.47739117,418.6001293,46.63449238,3608.527493,72.83380899,836.7561293,93.37410033,256.7822658,175.1466865,38.50558183,84.09572979,108.8713148,231.6778085,237.2115969,,1602.359674,2787.359655,1869.467805,2182.334873,356.9119831,194.3221278,12.02705521,115.5576456,2538.524406,6.738388895,7.785876785,98.85525166,,610.1664543,28594.88035,115.3072572,2437.646188,74.70232769,661.8578873,211.1158319,675.966838
24,nEL2.5.261,Lot 2,2677,27-May-24,736.30261,425.597234,708.8279264,2158.244017,,206.9150704,9.539113399,4.323094976,310.7138268,21.27569245,,226.3363722,18.03739089,64.34758904,166.6545628,1372.88593,,,9.099151104,1275.532169,,355.5345179,48.13375691,4270.820421,67.67209258,294.8121277,74.85369775,246.656442,195.7725792,42.7827903,,,187.261579,209.6585983,33.94602203,1468.232668,,1939.987046,2830.508365,366.6248278,147.622743,10.44909736,96.38865773,3140.037808,5.37625204,6.818532975,108.8066788,,756.9237656,29392.79156,110.2285412,2527.83543,71.28718434,779.4478238,257.1683903,653.7679842
25,nEL2.5.262,Lot 2,2715,29-May-24,684.998663,470.6721432,591.3968135,2767.20811,6.542261468,203.3981636,,4.652261669,332.1496366,30.64639764,,,15.2276441,35.36666172,126.1947443,1356.708598,,10.90302222,14.03624199,1318.207142,107.6564168,370.2980125,41.95785143,3676.631734,59.73013418,456.2521301,56.81582493,241.0901615,210.4924209,37.74291137,,,210.6061509,208.8221634,37.35434622,1603.877959,1259.318237,1440.239084,2417.435048,383.8684318,168.2217226,11.67182394,105.0068127,2124.821208,6.548340853,8.014371347,109.128396,,796.1402828,29588.81559,110.9733078,2212.831446,80.43539065,587.0013334,272.8352005,607.1993476
26,nEL2.5.265,Lot 4,2720,03-Jun-24,917.5046146,494.0658221,,2884.20536,18.07520629,229.9988171,,3.801370742,375.1088048,29.03250272,,,17.68259777,73.75667409,168.5592211,996.2535338,,6.830383812,21.07461872,1214.151674,49.54274753,413.84787,53.88833576,5064.839608,72.67812968,407.2652896,80.10694693,236.6827279,178.3693579,31.74404469,50.29886932,89.18778266,216.4428749,218.5406276,38.19439531,1689.541858,,1798.469617,2125.3047,353.4001898,187.4407527,10.95898217,103.0677637,2821.082316,5.722260343,6.549726771,108.5964995,,841.2938341,30212.4574,108.895966,2516.690343,73.96711014,781.2942982,235.6151043,659.1138366
27,nEL2.5.266,Lot 3,2742,04-Jun-24,931.2619423,572.9086511,589.4854326,2870.431292,11.79108245,245.553024,13.66300446,6.487692819,351.72204,24.09421682,860.9507986,349.4514571,19.08041124,76.33599783,196.0059719,1277.846893,,9.41512453,19.04715897,1504.121044,95.32855665,420.1911846,54.24773708,5272.181645,74.92810117,437.7847591,88.71742544,230.6479126,188.9719471,47.03892923,81.06734548,108.8908137,226.1171989,223.0519228,,1621.388279,2822.391454,1972.999355,1906.320407,373.7766062,195.5554846,11.60756664,127.5927738,2122.045829,7.77292366,7.968645245,,,842.9131074,29461.43475,137.9335344,2792.951865,78.89207151,672.9634325,288.4005984,804.2301013
28,nEL2.5.267,Lot 4,2753,05-Jun-24,824.1429101,511.0446713,,2645.595037,27.10248686,211.3470496,,4.063382657,357.3013404,27.093356,690.0964634,,18.69356045,69.57352476,156.4443222,1049.972838,,8.088145948,21.5340479,1154.341428,,399.3608923,49.03387648,4694.62584,68.94255445,393.8885469,84.11872996,251.1489574,162.5920663,31.84504347,64.7423897,84.87609156,201.0592549,203.5869278,45.99107676,1643.775007,2920.494659,1934.115194,2287.403252,345.363569,162.1427834,10.05549814,102.5818507,2775.34422,5.88829686,6.733954749,97.14676721,,733.388187,29102.61762,100.1301473,2428.96812,75.59516467,775.9505397,270.0278134,598.3909268
29,nEL2.5.268,Lot 2,2775,06-Jun-24,770.5197757,497.3700032,,2176.358996,,247.9026293,,4.797304947,342.0629759,32.217937,,,19.44651724,79.82932397,186.3889808,1458.196736,,11.35158332,24.62185472,1568.48986,,379.9777724,60.38597822,5783.091243,77.38927264,413.405688,95.93540681,257.1443097,214.7902044,58.56898298,,,225.973999,247.2208349,,1536.087323,2296.726005,1849.267781,2965.107087,369.8224771,178.8080289,12.01180377,100.0230031,3560.696615,7.225987892,8.09157024,94.87028568,,879.4247149,28472.3475,118.1053272,2749.575257,74.26544422,665.6597282,292.6643029,820.4294738
30,nEL2.5.269,Lot 3,2802,07-Jun-24,913.5749595,513.5759742,,2739.601675,17.36067648,217.6865784,12.27000416,4.883867642,384.6147408,32.25449582,,,18.89588275,72.20776963,163.9998285,1178.66178,201.2021522,9.724380287,13.52622569,1234.172774,59.07853995,421.6452876,45.48153931,5138.083583,68.83799794,499.0902543,84.34617676,241.4275485,163.4160716,32.64828179,,93.87706237,223.3225744,225.5029142,44.89738152,1601.870867,,1789.045572,2228.072282,374.7144521,192.8562307,12.32447843,91.27762189,2953.309088,7.513270355,6.428814226,88.10770501,,962.2043668,28219.03202,111.8309859,2598.265779,67.91800196,690.5746026,261.7287329,689.0156785
31,nEL2.5.271,Lot 4,2823,10-Jun-24,803.5235327,482.9216892,467.722614,2668.212585,8.462424479,227.6857788,,4.010211477,383.4298752,24.17085929,,,17.46510898,72.14304169,175.8956524,1106.903129,,8.165498073,16.0562834,1253.552716,97.05250289,397.8509016,47.30891059,5404.176055,71.76849397,493.4931449,79.71175785,234.6987392,173.3187949,31.39150847,,82.49911344,208.8155628,212.1704233,,1467.695362,3198.448274,1807.328818,1984.452693,335.0913559,178.8886993,10.47216683,97.11564585,2529.490737,6.12644564,6.48718224,101.2258135,,814.0002618,29549.38165,103.7790477,2434.520385,71.96498959,857.106422,235.123824,713.2793179
32,nEL2.5.282,Lot 3,2984,21-Jun-24,914.0553534,502.9626677,,2787.400386,13.24972621,239.899549,,5.590030841,353.9357279,31.95641031,,226.4494533,19.07399547,76.59088223,183.0938404,1150.22068,,10.56518517,15.01209902,1162.171744,,404.085126,46.18077136,3778.420953,75.67348968,575.3759061,93.49133082,239.8528308,176.1310022,,,100.167309,222.0598833,227.9640842,,1486.260757,2813.341225,1693.630624,2148.592477,366.2399841,184.9730194,11.61060809,107.8952592,2062.457429,6.780257489,6.985115091,98.26450254,,923.7902146,25688.10631,109.5075831,2760.641504,73.5600325,710.9216001,240.6708874,746.0134235
33,nEL2.5.283,Lot 3,2997,25-Jun-24,953.6684853,536.4223465,643.8475984,3256.9937,14.10654841,240.1126573,12.0013796,4.737444835,389.763297,33.91807132,697.7876206,210.8448303,17.81789489,67.7971902,175.0872504,1189.049416,191.3330582,11.28281774,28.59804181,1110.742487,70.08482909,431.1826936,46.76746706,4885.139284,74.49363371,413.3803451,84.84420317,251.3355656,161.1322751,38.44657814,73.75056338,101.7206634,224.3208443,233.9038293,45.99789259,1663.283324,2441.892021,1903.6845,2542.524589,370.0650691,200.9631896,12.44046997,109.0611555,2340.809381,5.6938988,6.524745705,101.467593,,1031.797788,29487.46369,110.4436175,2744.732058,78.55063191,717.3689782,252.98504,668.2703308
34,nEL2.5.293,Lot 4,3111,17-Jul-24,878.5589812,486.2428649,,2690.856753,,208.886087,,3.866087053,372.5369589,25.37108821,438.1942207,,19.61625477,76.02993708,168.9098872,1116.090639,,7.316945689,9.890510775,1244.279323,,425.6361367,61.72105707,5159.698954,73.25142438,536.3349513,79.42306804,252.8127634,200.0240902,,,87.91177176,205.4635119,224.8866224,51.53565343,1656.220649,3650.974029,1745.130929,2051.112909,389.1944486,175.31939,10.38176822,107.0214953,2506.938743,6.984608566,8.107255508,101.5083828,,831.9000641,28178.39731,110.2330634,2574.810862,72.15500825,674.1141861,222.1547879,745.5500912
35,nEL2.5.306,Lot 3,3251,31-Jul-24,789.643079,460.6615713,763.476097,2654.539516,30.88965912,241.5990479,17.49260156,5.269899176,399.4080616,28.87339346,,,17.61508305,64.98906962,159.4861499,1380.980703,,10.98728122,13.37205704,1105.329089,79.12617477,390.8559626,52.03560612,3520.412202,67.34625487,459.1275645,88.1704451,210.8684787,156.4315536,37.3869446,,99.03283615,212.0333541,207.8555504,56.72385943,1573.326539,2412.889727,1553.013087,1854.52757,312.5608837,185.9655752,12.32657568,88.39573096,2157.697192,8.224676513,5.666963324,100.3435694,52416.06568,712.090106,27866.02829,121.0564077,2522.031055,73.90104886,767.0393228,257.7250018,698.7612049
36,nEL2.5.353,Lot 3,4044,17-Oct-24,925.6180407,586.8504295,378.3602776,2939.389568,64.07353918,232.2371465,6.762112325,3.746993277,305.0466291,25.79439325,382.7190267,158.0799551,18.11988661,72.40541986,162.1729529,1193.137219,180.3057294,6.996310879,10.717285,1028.850492,45.78633616,391.9948093,35.16564464,2978.362859,69.58837485,436.224157,70.4003091,193.6626489,163.7221188,27.2923931,27.42734547,84.91980931,205.347189,250.6845349,36.40406795,1562.482884,625.4204756,2351.382165,2704.098231,331.4696445,192.7878521,10.42125384,87.62019792,3441.17496,4.553594798,5.516321109,90.08285967,,803.7052848,27472.61513,105.1599606,2610.447037,71.72756301,718.899437,205.4011154,582.4281259
37,nEL2.5.354,Lot 1,4047,22-Oct-24,754.5937066,502.0966053,551.2504746,2433.857717,16.6045711,208.8844585,9.702124489,4.602802107,329.162866,26.10692332,550.6688988,,15.93052805,36.48269904,114.3223485,1280.856708,,8.098365597,8.018340814,1349.555352,,362.6549224,45.15681728,4714.753456,55.18955021,451.8002471,53.53594171,254.5905254,188.7332995,35.5788445,52.54108227,,222.792513,230.1621083,,1473.447337,2999.525054,1970.441246,3434.865357,373.3139855,156.4114143,9.953962655,98.66482463,2550.683168,5.813281895,7.472391921,96.73205248,,732.4465417,27671.04753,104.1425344,2721.303008,79.39625365,823.5657576,280.226291,587.2864775
38,nEL2.5.355,Lot 3,4110,24-Oct-24,811.5749999,503.0544193,441.6978836,2591.74744,39.05846717,219.3644814,8.157347175,3.911339512,332.3743239,31.11334089,,,18.53325382,68.22064215,159.5624301,1500.408919,158.4403226,6.763959635,10.38917371,1248.47491,38.66639661,385.5932778,41.88407551,3812.44159,70.75056475,410.0234286,73.95837959,205.3358563,166.3524976,35.9668042,40.29362976,83.76044165,202.8721693,236.7964039,31.54281803,1426.22822,3038.569008,1899.086899,2496.390482,335.9086122,189.993447,10.67254803,89.46887729,3662.845941,5.467900675,5.457219221,103.5631654,69110.35726,716.2864434,28608.44985,102.1759354,2356.619099,72.22491243,707.6735364,215.309998,705.632781
39,nEL2.5.356,Lot 2,4064,24-Oct-24,637.9940701,431.9820899,,2736.042936,16.29662985,168.1313139,,4.136570596,331.7656605,24.205537,,,17.95322489,56.23910407,152.2448176,1296.269934,,,10.84733672,1251.662179,,381.3557046,56.90462854,3912.027654,63.79205314,516.6077335,82.23497948,233.4764231,161.7953354,40.04808559,,,197.6671835,195.7714171,46.90846368,1676.876773,2052.331806,1431.48121,3043.875183,330.3417949,150.7157932,10.75067084,101.2038694,1904.281394,6.889286392,6.827282167,101.182925,,485.4636628,25265.72014,95.88777463,2256.763449,69.42967504,651.2823023,206.3555235,603.5062734
40,nEL2.5.363,Lot 3,4166,30-Oct-24,821.5642207,580.7920242,419.2728143,2573.650405,17.17503035,227.2154151,7.915229382,3.695888199,352.7082912,27.64141385,318.4847635,,17.82072689,63.07457287,172.6469309,1320.554005,,8.664821384,11.67566528,1121.478343,42.38202063,380.8224699,43.94059921,4211.571396,67.58711958,545.905015,70.88122225,208.8109543,158.1835493,30.47399751,54.54016699,85.57628216,212.7715932,245.9109979,,1482.047345,2943.763839,1672.077011,2370.758744,357.2046128,196.3426817,10.86258737,101.0783887,3158.289521,4.922378325,5.434851925,96.6236036,75565.317,723.8353121,29307.48266,109.6499072,2366.139303,66.91282359,695.7251059,225.2412639,701.4062722
41,nEL2.5.390,Lot 2,4603,16-Dec-24,681.4342288,456.1541656,609.3234442,2519.633817,,188.5134568,8.971440609,4.660977376,319.9726926,20.56744869,,,18.11044782,63.33150914,175.1438735,1471.653683,259.1907811,7.823942713,10.65376877,1295.474489,,397.4970493,42.93404577,4232.996582,70.19572726,403.7968311,81.25918049,239.3004155,172.1510966,32.7432229,47.52981714,,203.4136873,203.2564838,,1539.896301,2176.639412,1542.67565,2595.205253,368.5966022,162.81635,9.923364955,99.07239074,2286.656298,6.370237758,6.697118821,104.4303066,71810.11312,673.6858568,29835.20528,90.47502734,2653.175225,70.69875763,640.1861325,289.2210208,672.9913165